城市组合,硬实力优势,软实力优势,综合优势,前城相对强度,前城综合指数
北京对上海,-0.01379,+0.44628,+0.12423,1.0899,108.99
广州对深圳,-0.18036,-0.28175,-0.21078,0.8641,86.41
广州对杭州,+0.10399,+0.40540,+0.19441,1.1443,114.43
沈阳对大连,+0.09883,-0.17045,+0.01805,1.0126,101.26
北京对天津,+0.80226,+1.53685,+1.02264,2.0316,203.16
阜新对铁岭,-0.18509,-0.86934,-0.39037,0.7629,76.29
沈阳对西安,-0.40978,-1.17759,-0.64012,0.6417,64.17
西安对天津,-0.21043,+0.02592,-0.13952,0.9078,90.78
天津对沈阳,+0.62655,+0.92270,+0.71540,1.6419,164.19
北京对辽宁,+0.37337,+1.61671,+0.74637,1.6776,167.76
沈阳对哈尔滨,+0.34265,+0.36493,+0.34933,1.2740,127.40
上海对深圳,+0.34664,+0.61679,+0.42768,1.3451,134.51
杭州对苏州,+0.01923,-0.22684,-0.05460,0.9629,96.29
杭州对南京,+0.18932,-0.33914,+0.03078,1.0216,102.16
杭州对成都,-0.06833,-0.51391,-0.20201,0.8693,86.93
成都对广州,-0.09650,-0.18038,-0.12166,0.9191,91.91
杭州对成都v2b,-0.03688,-0.42508,-0.15334,0.8992,89.92
杭州对苏州v2b,+0.02674,-0.19742,-0.04051,0.9723,97.23
