重要性排名,规范指标,原表指标,类别,实力类型,指标方向,重要性权重,占总权重百分比,特殊计分规则
1,GDP,GDP,经济总量与产业结构,硬实力,正向,1.000000,1.123033,
2,人均GDP,人均GDP,经济总量与产业结构,硬实力,正向,0.946485,1.062934,
3,工业增加值,工业增加值,经济总量与产业结构,硬实力,正向,0.895834,1.006051,
4,最强医院,最强医院,医疗健康,硬实力,正向,0.874685,0.982300,取代表医院的学术/专科综合评分，按比值或对数差距计分
5,第三产业,第三产业,经济总量与产业结构,硬实力,正向,0.847894,0.952213,
6,三甲医院数量,三甲医院数量,医疗健康,硬实力,正向,0.811483,0.911322,
7,第二产业,第二产业,经济总量与产业结构,硬实力,正向,0.802519,0.901255,
8,服务业收入,服务业收入,经济总量与产业结构,硬实力,正向,0.759572,0.853025,
9,国家医学中心,国家医学中心,医疗健康,硬实力,正向,0.752848,0.845473,
10,社会消费品零售总额,社会销售品零售总额,经济总量与产业结构,硬实力,正向,0.718924,0.807376,
11,软科最强大学,软科最强大学,教育与人才,软实力,正向,0.714944,0.802906,用城市最强高校最新软科总分比值，例如清华大学总分/上海交通大学总分；贡献=权重×log2(比值)，不用输赢二分
12,科研经费支出,科研经费支出,科技创新,软实力,正向,0.701553,0.787867,
13,世界百强医院数量,世界百强医院数量,医疗健康,硬实力,正向,0.698450,0.784383,
14,规上工业利润,规上工业利润,产业与企业,硬实力,正向,0.692372,0.777557,
15,规上工业营收,规上工业营收,经济总量与产业结构,硬实力,正向,0.680451,0.764169,
16,985大学,985大学,教育与人才,软实力,正向,0.669951,0.752377,
17,金融本外币存款,金融本外币存款,财政与金融,硬实力,正向,0.669487,0.751856,
18,全球科研排名,全球科研排名,科技创新,软实力,正向,0.664010,0.745705,
19,人口数量,人口数量,人口与民生,硬实力,正向,0.650821,0.730894,
20,企业资产总额,企业资产总额,产业与企业,硬实力,正向,0.648799,0.728623,
21,国内百强医院数量,国内百强医院数量,医疗健康,硬实力,正向,0.647982,0.727705,
22,建筑工业总产值,建筑工业总产值,经济总量与产业结构,硬实力,正向,0.644036,0.723274,
23,一般公共预算收入,一般公共预算收入,财政与金融,硬实力,正向,0.633659,0.711620,
24,高新技术企业,高新技术企业,科技创新,软实力,正向,0.628475,0.705798,
25,双一流大学,双一流大学,教育与人才,软实力,正向,0.627789,0.705028,
26,航空吞吐量,航空吞吐量,交通与基础设施,硬实力,正向,0.618460,0.694551,
27,第一产业,第一产业,经济总量与产业结构,硬实力,正向,0.609571,0.684568,
28,上市公司市值,上市公司市值,产业与企业,硬实力,正向,0.607968,0.682768,
29,城区人口,城区人口,人口与民生,硬实力,正向,0.606821,0.681480,
30,医院数量,医院数量,医疗健康,硬实力,正向,0.601161,0.675124,
31,金融本外币贷款,金融本外币货款,财政与金融,硬实力,正向,0.599749,0.673538,
32,发明专利量,发明专利量,科技创新,软实力,正向,0.594842,0.668027,
33,211大学,211大学,教育与人才,软实力,正向,0.588281,0.660659,
34,机场数量,机场数量,交通与基础设施,硬实力,正向,0.579539,0.650842,
35,第二产业增量,第二产业增量,经济总量与产业结构,硬实力,正向,0.576950,0.647934,
36,中国500强营收,中国500强营收,产业与企业,硬实力,正向,0.569707,0.639800,
37,国内税收,国内税收,财政与金融,硬实力,正向,0.567654,0.637494,
38,常住人口（第七次人口普查）,第七次人口普查,人口与民生,硬实力,正向,0.565796,0.635408,
39,专利授权量,专利授权量,科技创新,软实力,正向,0.563010,0.632279,
40,医疗机构床位,医疗机构床位,医疗健康,硬实力,正向,0.557724,0.626343,
41,全球百强大学,全球百强大学,教育与人才,软实力,正向,0.551259,0.619082,按百强高校数量计，若进一步比较强弱应改用各校软科总分
42,进出口总额,进出口总额,对外开放与全球联系,软实力,正向,0.548523,0.616010,
43,第三产业增量,第三产业增量,经济总量与产业结构,硬实力,正向,0.546074,0.613259,
44,国际机场数量,国际机场数量,交通与基础设施,硬实力,正向,0.543067,0.609882,
45,三大主税,三大主税,财政与金融,硬实力,正向,0.537276,0.603379,
46,世界500强营收,世界500强营收,产业与企业,硬实力,正向,0.533854,0.599536,
47,PCT国际专利申请,PCT国际专利申请,科技创新,软实力,正向,0.532880,0.598442,
48,就业人口,就业人口,人口与民生,硬实力,正向,0.527545,0.592451,
49,每千人医疗机构床位,每千人医疗机构床位,医疗健康,硬实力,正向,0.517424,0.581084,
50,第二产业占比,第二产业占比,经济总量与产业结构,硬实力,正向,0.516851,0.580441,
51,国内百强大学,国内百强大学,教育与人才,软实力,正向,0.516566,0.580121,按百强高校数量计，若进一步比较强弱应改用各校软科总分
52,出口额,出口额,对外开放与全球联系,软实力,正向,0.514003,0.577242,
53,机场等级,机场等级,交通与基础设施,硬实力,正向,0.508890,0.571500,
54,增值税,增值税,财政与金融,硬实力,正向,0.508523,0.571088,
55,国家重点实验室,国家重点实验室,科技创新,软实力,正向,0.504363,0.566416,
56,企业最高营收额,企业最高营收额,产业与企业,硬实力,正向,0.500257,0.561805,
57,人均可支配收入,人均可支配收入,人口与民生,硬实力,正向,0.491880,0.552398,
58,第三产业占比,第三产业占比,经济总量与产业结构,硬实力,正向,0.489192,0.549379,
59,高校数量,高校数量,教育与人才,软实力,正向,0.484058,0.543613,
60,进口额,进口额,对外开放与全球联系,软实力,正向,0.481656,0.540916,
61,企业所得税,企业所得税,财政与金融,硬实力,正向,0.481310,0.540527,
62,执业医师助理数量,执业医师助理数量,医疗健康,硬实力,正向,0.480037,0.539097,
63,国家工程研究中心,国家工程研究中心,科技创新,软实力,正向,0.477372,0.536105,
64,国际航线数量,国际航线数量,交通与基础设施,硬实力,正向,0.476865,0.535535,
65,企业利润,企业利润,产业与企业,硬实力,正向,0.468775,0.526450,
66,人均二产,人均二产,经济总量与产业结构,硬实力,正向,0.463013,0.519979,
67,城镇人均可支配收入,城镇人均可支配收入,人口与民生,硬实力,正向,0.458626,0.515052,
68,空气质量优良率,空气质量优良率,生态宜居与城市治理,硬实力,正向,0.457272,0.513532,
69,个人所得税,个人所得税,财政与金融,硬实力,正向,0.455553,0.511601,
70,本科高校数量,本科高校数量,教育与人才,软实力,正向,0.453595,0.509402,
71,两院院士,两院院士,科技创新,软实力,正向,0.451826,0.507416,
72,实际利用外资,实际利用外资,对外开放与全球联系,软实力,正向,0.451344,0.506874,
73,地铁总里程,地铁总里程,交通与基础设施,硬实力,正向,0.446854,0.501832,
74,注册护士数量,注册护士数量,医疗健康,硬实力,正向,0.445351,0.500144,
75,上市公司数量,上市公司数量,产业与企业,硬实力,正向,0.439274,0.493319,
76,人均三产,人均三产,经济总量与产业结构,硬实力,正向,0.438235,0.492152,
77,人均个税,人均个税,财政与金融,硬实力,正向,0.431174,0.484223,
78,科学院院士,科学院院士,科技创新,软实力,正向,0.427646,0.480261,
79,农村人均可支配收入,农村人均可支配收入,人口与民生,硬实力,正向,0.427620,0.480231,
80,A+学科数量,A+学科数量,教育与人才,软实力,正向,0.425049,0.477344,
81,新设外资企业,新设外资企业,对外开放与全球联系,软实力,正向,0.422940,0.474976,
82,饮用水达标率,饮用水达标率,生态宜居与城市治理,硬实力,正向,0.422115,0.474049,
83,地铁客流量,地铁客流量,交通与基础设施,硬实力,正向,0.418733,0.470251,
84,就业人口人均GDP,就业人口人均GDP,经济总量与产业结构,硬实力,正向,0.414783,0.465815,
85,各类卫生机构人员,各类卫生机构人员,医疗健康,硬实力,正向,0.413172,0.464006,
86,A股上市公司,A股上市公司,产业与企业,硬实力,正向,0.411629,0.462273,
87,金融业增加值,金融业增加值,财政与金融,硬实力,正向,0.408100,0.458310,
88,工程院院士,工程院院士,科技创新,软实力,正向,0.404761,0.454560,
89,城镇非私营单位平均工资,城镇非私营业薪资,人口与民生,硬实力,正向,0.398710,0.447765,
90,A类学科数量,A类学科数量,教育与人才,软实力,正向,0.398299,0.447303,
91,跨国公司总部数量,跨国公司总部数量,对外开放与全球联系,软实力,正向,0.396323,0.445084,
92,户籍人均GDP,户籍人均GDP,经济总量与产业结构,硬实力,正向,0.392586,0.440887,
93,地铁线路数量,地铁线路数量,交通与基础设施,硬实力,正向,0.392381,0.440657,
94,城市污水处理率,城市污水处理率,生态宜居与城市治理,硬实力,正向,0.389661,0.437602,
95,金融本外币存贷款余额,金融本外币存货款,财政与金融,硬实力,正向,0.386260,0.433783,
96,世界500强企业,世界500强企业,产业与企业,硬实力,正向,0.385724,0.433181,
97,二级医院数量,二级医院数量,医疗健康,硬实力,正向,0.383317,0.430478,
98,技术合同交易额,技术合同交易额,科技创新,软实力,正向,0.383100,0.430234,
99,教育支出,教育支出,教育与人才,软实力,正向,0.373233,0.419153,
100,城镇私营单位平均工资,城镇私营业薪资,人口与民生,硬实力,正向,0.371755,0.417493,
101,地均GDP,地均GDP,经济总量与产业结构,硬实力,正向,0.371577,0.417293,
102,GaWC全球城市等级,GaWC全球城市排名,对外开放与全球联系,软实力,正向,0.371381,0.417073,
103,火车站数量,火车站数量,交通与基础设施,硬实力,正向,0.367687,0.412925,
104,人均金融机构存款,人均金融机构存款,财政与金融,硬实力,正向,0.365590,0.410570,
105,技术合同成交项,技术合同成交项,科技创新,软实力,正向,0.362599,0.407211,
106,中国500强企业,中国500强企业,产业与企业,硬实力,正向,0.361450,0.405920,
107,人均公园绿地面积,人均公园绿地面积,生态宜居与城市治理,硬实力,正向,0.359703,0.403958,
108,卫生机构数量,卫生机构数量,医疗健康,硬实力,正向,0.355620,0.399373,
109,农林牧渔业产值,农业牧渔业产值,经济总量与产业结构,硬实力,正向,0.351692,0.394962,
110,在校研究生数量,在校研究生数量,教育与人才,软实力,正向,0.349745,0.392775,
111,国际影响力指数,国际影响力,对外开放与全球联系,软实力,正向,0.348009,0.390826,
112,一档最低工资标准,档工资最低标准,人口与民生,硬实力,正向,0.346622,0.389268,
113,非金融企业存款余额,非金融企业存款余,财政与金融,硬实力,正向,0.346025,0.388598,
114,动车直达城市数量,动风直达城市数量,交通与基础设施,硬实力,正向,0.344548,0.386939,
115,有效商标注册量,有效商标注册量,科技创新,软实力,正向,0.343194,0.385418,
116,中国民营企业500强,中国500强民营业,产业与企业,硬实力,正向,0.338703,0.380375,
117,公园绿地面积,公园绿地面积,生态宜居与城市治理,硬实力,正向,0.332047,0.372900,
118,全国前十临床专科,全国前十科室,医疗健康,硬实力,正向,0.329924,0.370516,
119,在校大学生数量,在校大学生数量,教育与人才,软实力,正向,0.327735,0.368057,
120,一般公共预算支出,般公共预算支出,财政与金融,硬实力,正向,0.327508,0.367802,
121,领事馆数量,领事馆数量,对外开放与全球联系,软实力,正向,0.326108,0.366230,
122,国家级高新区数量,国家级高新区数量,科技创新,软实力,正向,0.324828,0.364793,
123,二档工资最低标准,二档工资最低标准,人口与民生,硬实力,正向,0.323188,0.362951,
124,公路总里程,公路总里程,交通与基础设施,硬实力,正向,0.322864,0.362587,
125,制造业500强,制造业500强,产业与企业,硬实力,正向,0.317387,0.356436,
126,政府基金收入,政府基金收入,财政与金融,硬实力,正向,0.309981,0.348119,
127,省级重点实验室,省级重点实验室,科技创新,软实力,正向,0.307445,0.345271,
128,专科高校数量,专科高校数量,教育与人才,软实力,正向,0.307109,0.344894,
129,公园数量,公园数量,生态宜居与城市治理,硬实力,正向,0.306518,0.344230,
130,全国前三临床专科,全国前三科室,医疗健康,硬实力,正向,0.306085,0.343744,
131,国际会议中心,国际会议中心,对外开放与全球联系,软实力,正向,0.305586,0.343183,
132,港口货物吞吐量,港口货物吞吐量,交通与基础设施,硬实力,正向,0.302546,0.339769,
133,三档工资最低标准,三档工资最低标准,人口与民生,硬实力,正向,0.301339,0.338414,
134,制造业200强,制造业200强,产业与企业,硬实力,正向,0.297413,0.334005,
135,非税收入,非税收入,财政与金融,硬实力,正向,0.293392,0.329489,
136,省级新型研发机构,省级新型研发机构,科技创新,软实力,正向,0.290992,0.326794,
137,成人高校数量,成人高校数量,教育与人才,软实力,正向,0.287782,0.323189,
138,贸易顺差,贸易顺差,对外开放与全球联系,软实力,反向,0.286354,0.321585,
139,人均寿命,人均寿命,医疗健康,硬实力,正向,0.283969,0.318907,
140,公路货物运输量,公路货物运输量,交通与基础设施,硬实力,正向,0.283506,0.318387,
141,宜居指数,宜居指数,生态宜居与城市治理,硬实力,正向,0.282952,0.317764,
142,人均消费支出,人均性消费支出,人口与民生,硬实力,正向,0.280966,0.315534,
143,制造业单项冠军企业,制造单冠企业,产业与企业,硬实力,正向,0.278696,0.312985,
144,净上缴中央税,净上缴中央税,财政与金融,硬实力,正向,0.277692,0.311857,
145,科技型中小企业,科技型中小企业,科技创新,软实力,正向,0.275420,0.309306,
146,强基计划,强基计划,教育与人才,软实力,正向,0.269671,0.302849,
147,世界文化遗产,世界文化遗产,文化软实力与旅游,软实力,正向,0.265981,0.298705,
148,水路货物运输量,水路货物运输量,交通与基础设施,硬实力,正向,0.265664,0.298349,
149,住户存款总额,住户存款总额,财政与金融,硬实力,正向,0.262831,0.295168,
150,户籍人口,户籍人口,人口与民生,硬实力,正向,0.261971,0.294202,
151,建成区面积,建成区面积,生态宜居与城市治理,硬实力,正向,0.261198,0.293334,
152,国家级专精特新小巨人企业,国家级巨人产业,产业与企业,硬实力,正向,0.261157,0.293288,
153,中国互联网百强企业,互联网百强,科技创新,软实力,正向,0.260681,0.292753,
154,双高计划,双高计划,教育与人才,软实力,正向,0.252700,0.283790,
155,快递业务量,快递业务量,交通与基础设施,硬实力,正向,0.248945,0.279573,
156,人均住户存款,人均住户存款,财政与金融,硬实力,正向,0.248766,0.279372,
157,国家重点文物保护,国家重点文物保护,文化软实力与旅游,软实力,正向,0.246762,0.277122,
158,5G基站数量,5G基站数量,科技创新,软实力,正向,0.246730,0.277086,
159,独角兽企业,独角兽企业,产业与企业,硬实力,正向,0.244722,0.274831,
160,人口密度,人口密度,人口与民生,硬实力,正向,0.244260,0.274312,
161,人均水资源,人均水资源,生态宜居与城市治理,硬实力,正向,0.241116,0.270781,
162,每十万人大学学历,每十万人大学学历,教育与人才,软实力,正向,0.236797,0.265931,
163,金融业占比,金融业占比,财政与金融,硬实力,正向,0.235453,0.264422,
164,每万人拥有5G基站数,每万人拥有5G基战数,科技创新,软实力,正向,0.233527,0.262259,
165,快递业收入,快递业收入,交通与基础设施,硬实力,正向,0.233278,0.261979,
166,民营市场主体户,民营业主体户,产业与企业,硬实力,正向,0.229321,0.257535,
167,国家级非物质文化遗产,国级非文化物质遗产,文化软实力与旅游,软实力,正向,0.228932,0.257098,
168,城镇化率,城镇化率,人口与民生,硬实力,正向,0.227747,0.255767,
169,全球金融中心排名,金融全球排名,财政与金融,硬实力,正向,0.222853,0.250271,
170,水资源总量,水资源总量,生态宜居与城市治理,硬实力,正向,0.222578,0.249962,
171,国际留学生数量,国际留学生数量,教育与人才,软实力,正向,0.221895,0.249195,
172,5G用户普及率,5G用户普及率,科技创新,软实力,正向,0.221030,0.248224,
173,邮政业务收入,邮政业务收入,交通与基础设施,硬实力,正向,0.218598,0.245493,
174,新设企业户,新设企业户,产业与企业,硬实力,正向,0.214889,0.241327,
175,旅游业收入,旅游业收入,文化软实力与旅游,软实力,正向,0.212390,0.238521,
176,平均房价,平均房价,人口与民生,硬实力,反向,0.212350,0.238476,
177,保费收入,保费收入,财政与金融,硬实力,正向,0.210927,0.236878,
178,人才粘性力,人才粘性力,科技创新,软实力,正向,0.209201,0.234940,
179,文盲率,文育率,教育与人才,软实力,正向,0.207931,0.233513,
180,污水处理厂数量,污水处理厂数量,生态宜居与城市治理,硬实力,正向,0.205465,0.230744,
181,电信业务收入,电信业务收入,交通与基础设施,硬实力,正向,0.204841,0.230043,
182,千人主体户,千人主体户,产业与企业,硬实力,正向,0.201366,0.226141,
183,人均保费收入,人均保费收入,财政与金融,硬实力,正向,0.199639,0.224201,
184,认证机构,认证机构,科技创新,软实力,正向,0.198006,0.222367,
185,商品房成交均价,商品房平均房价,人口与民生,硬实力,正向,0.197994,0.222354,
186,博物馆数量,博物馆数量,文化软实力与旅游,软实力,正向,0.197044,0.221287,
187,军校数量,军校数量,教育与人才,软实力,正向,0.194845,0.218817,
188,全社会用电量,全社会用电量,交通与基础设施,硬实力,正向,0.191950,0.215566,
189,空气自动监测站,空气自动检测站,生态宜居与城市治理,硬实力,正向,0.189669,0.213005,
190,科创版份额,科创版份额,财政与金融,硬实力,正向,0.188955,0.212203,
191,千亿产业集群,千亿产业集群,产业与企业,硬实力,正向,0.188693,0.211909,
192,国家中心城市,国家中心城市,行政与战略,软实力,正向,0.187809,0.210916,
193,认证证书,认证证书,科技创新,软实力,正向,0.187410,0.210468,
194,城镇人均住房面积,城镇人均住房面积,人口与民生,硬实力,正向,0.184608,0.207321,
195,公共博物馆数量,公共博物馆数量,文化软实力与旅游,软实力,正向,0.182806,0.205297,
196,工业用电量,工业用电量,交通与基础设施,硬实力,正向,0.179870,0.202000,
197,卖地收入,卖地收入,财政与金融,硬实力,正向,0.178844,0.200848,
198,千亿产业总值,千亿产业总值,产业与企业,硬实力,正向,0.176818,0.198572,
199,全国百强县,全国百强县,生态宜居与城市治理,硬实力,正向,0.175086,0.196627,
200,人均住房面积,人均住房面积,人口与民生,硬实力,正向,0.172127,0.193304,
201,行政地位,地位,行政与战略,软实力,正向,0.169936,0.190844,
202,接待游客量,接待游客量,文化软实力与旅游,软实力,正向,0.169597,0.190463,
203,房产税,房产税,财政与金融,硬实力,正向,0.169273,0.190099,
204,人均用电量,人均用电量,交通与基础设施,硬实力,正向,0.168550,0.189287,
205,工业大类,工业大类,产业与企业,硬实力,正向,0.165691,0.186076,
206,全国百强区,全国百强区,生态宜居与城市治理,硬实力,正向,0.161625,0.181510,
207,民用汽车保有量,民用汽车保有量,人口与民生,硬实力,正向,0.160490,0.180236,
208,资源税,资源税,财政与金融,硬实力,正向,0.160214,0.179926,
209,200米+高楼数量,200米+高楼数量,交通与基础设施,硬实力,正向,0.157943,0.177375,
210,国家综合档案馆,国家综合档案馆,文化软实力与旅游,软实力,正向,0.157343,0.176701,
211,最强行政区,最强区,产业与企业,硬实力,正向,0.155263,0.174366,
212,军区司令部,军区司令部,行政与战略,软实力,正向,0.153765,0.172683,
213,环境保护税,环境保护税,财政与金融,硬实力,正向,0.151640,0.170297,
214,私人汽车保有量,私人汽车保有量,人口与民生,硬实力,正向,0.149640,0.168051,
215,300米+高楼数量,300米+高楼数量,交通与基础设施,硬实力,正向,0.148003,0.166212,
216,一级博物馆数量,级博物馆数量,文化软实力与旅游,软实力,正向,0.145974,0.163934,
217,最强行政区GDP,最强区GDP,产业与企业,硬实力,正向,0.145492,0.163392,
218,财政自给率,财政白给率,财政与金融,硬实力,正向,0.143525,0.161183,
219,千人汽车保有量,千人汽车保有量,人口与民生,硬实力,正向,0.139524,0.156690,
220,大区机构数量,大区机构数量,行政与战略,软实力,正向,0.139132,0.156250,
221,400米+高楼数量,400米+高楼数量,交通与基础设施,硬实力,正向,0.138689,0.155752,
222,汽车产量,汽车产量,产业与企业,硬实力,正向,0.136336,0.153110,
223,一般公共预算结余,般公共预算利润,财政与金融,硬实力,反向,0.135845,0.152558,
224,市级重点文物保护,市级重点文物保护,文化软实力与旅游,软实力,正向,0.135426,0.152088,
225,百万美元富翁数量,百万美元富翁数量,人口与民生,硬实力,正向,0.130091,0.146097,
226,最高高楼,最高高楼,交通与基础设施,硬实力,正向,0.129961,0.145951,
227,国防支出,国防支出,财政与金融,硬实力,正向,0.128575,0.144394,
228,房地产开发投资额,房地产开发投资额,产业与企业,硬实力,正向,0.127756,0.143474,
229,所在城市群能级,城市群,行政与战略,软实力,正向,0.125892,0.141381,
230,省级非物质文化遗产,省级非文化物质遗产,文化软实力与旅游,软实力,正向,0.125641,0.141099,
231,城建得分,城建得分,交通与基础设施,硬实力,正向,0.121782,0.136765,
232,公共安全支出,公共安全支出,财政与金融,硬实力,正向,0.121694,0.136666,
233,一亿美元富翁数量,一亿美元富翁数量,人口与民生,硬实力,正向,0.121296,0.136219,
234,商品房销售额,商品房销售额,产业与企业,硬实力,正向,0.119716,0.134445,
235,市级非物质文化遗产,市级非文化物质遗产,文化软实力与旅游,软实力,正向,0.116562,0.130903,
236,交通安全支出,交通安全支出,财政与金融,硬实力,正向,0.115182,0.129353,
237,区号,区号,行政与战略,软实力,正向,0.113912,0.127927,
238,十亿美元富翁数量,十亿美元富翁数量,人口与民生,硬实力,正向,0.113096,0.127011,
239,商品房销售面积,商品房销售额面积,产业与企业,硬实力,正向,0.112182,0.125984,
240,人均国防支出,人均国防支出,财政与金融,硬实力,反向,0.109018,0.122431,
241,历史文化名城,历史文化名城,文化软实力与旅游,软实力,正向,0.108140,0.121445,
242,600万家庭资产,600万家庭资产,人口与民生,硬实力,正向,0.105450,0.118424,
243,粮食产量,粮食产量,产业与企业,硬实力,正向,0.105122,0.118055,
244,城建投资,城建投资,财政与金融,硬实力,正向,0.103184,0.115879,
245,5A级景区,5A级景区,文化软实力与旅游,软实力,正向,0.100326,0.112669,
246,蔬菜产量,蔬菜产量,产业与企业,硬实力,正向,0.098507,0.110627,
247,1000万家庭资产,1000万家庭资产,人口与民生,硬实力,正向,0.098321,0.110418,
248,4A级景区,4A级景区,文化软实力与旅游,软实力,正向,0.093077,0.104529,
249,水果产量,水果产量,产业与企业,硬实力,正向,0.092307,0.103664,
250,一亿家庭资产,一亿家庭资产,人口与民生,硬实力,正向,0.091674,0.102953,
251,大米产量,大米产量,产业与企业,硬实力,正向,0.086498,0.097140,
252,电影票房收入,电影票房收入,文化软实力与旅游,软实力,正向,0.086351,0.096975,
253,600万家庭资产占比,600万家庭资产占比,人口与民生,硬实力,正向,0.085476,0.095992,
254,水产品产量,水产品产量,产业与企业,硬实力,正向,0.081055,0.091027,
255,人均电影票房收入,人均电影票房收入,文化软实力与旅游,软实力,正向,0.080112,0.089968,
256,1000万家庭资产占比,1000万家庭资产占比,人口与民生,硬实力,正向,0.079697,0.089502,
257,电影院数量,电影院数量,文化软实力与旅游,软实力,正向,0.074323,0.083467,
258,1亿家庭资产占比,1亿家庭资产占比,人口与民生,硬实力,正向,0.074309,0.083451,
259,高产家庭占比,高产家庭占比,人口与民生,硬实力,正向,0.069285,0.077809,
260,体育场馆面积,体育馆场地,文化软实力与旅游,软实力,正向,0.068953,0.077437,
261,人口老龄化,人口老龄化,人口与民生,硬实力,反向,0.064601,0.072549,
262,体育彩票总额,体育彩票总额,文化软实力与旅游,软实力,正向,0.063971,0.071842,
263,五星级酒店数量,五星级酒店数量,人口与民生,硬实力,正向,0.060234,0.067645,
264,健身步道数量,健身步道数量,文化软实力与旅游,软实力,正向,0.059348,0.066650,
265,四星级以上酒店数量,四星级以上酒店数量,人口与民生,硬实力,正向,0.056162,0.063072,
266,体育步道里程,体育步道里程,文化软实力与旅游,软实力,正向,0.055060,0.061834,
267,万达广场数量,万达广场数量,人口与民生,硬实力,正向,0.052365,0.058808,
268,区域级图书馆数量,区域级图书馆数量,文化软实力与旅游,软实力,正向,0.051082,0.057367,
269,建成史,建成史,文化软实力与旅游,软实力,正向,0.047391,0.053222,
270,建都史,建都史,文化软实力与旅游,软实力,正向,0.043966,0.049375,
