原表指标,规范指标,类别,实力类型,指标方向,基准权重,冗余折扣系数,最终有效权重,特殊计分规则
GDP,GDP,经济总量与产业结构,硬实力,正向,1.000000,0.7800,1.000000,
人均GDP,人均GDP,经济总量与产业结构,硬实力,正向,0.946485,0.7020,0.851836,
工业增加值,工业增加值,经济总量与产业结构,硬实力,正向,0.895834,0.6396,0.734583,
最强医院,最强医院,医疗健康,硬实力,正向,0.874685,0.5250,0.588731,取代表医院的学术/专科综合评分，按比值或对数差距计分
第三产业,第三产业,经济总量与产业结构,硬实力,正向,0.847894,0.6084,0.661358,
三甲医院数量,三甲医院数量,医疗健康,硬实力,正向,0.811483,0.4620,0.480647,
第二产业,第二产业,经济总量与产业结构,硬实力,正向,0.802519,0.6084,0.625965,
服务业收入,服务业收入,经济总量与产业结构,硬实力,正向,0.759572,0.5616,0.546892,
国家医学中心,国家医学中心,医疗健康,硬实力,正向,0.752848,0.5250,0.506724,
社会销售品零售总额,社会消费品零售总额,经济总量与产业结构,硬实力,正向,0.718924,0.5850,0.539194,
软科最强大学,软科最强大学,教育与人才,软实力,正向,0.714944,0.5250,0.481213,用城市最强高校最新软科总分比值，例如清华大学总分/上海交通大学总分；贡献=权重×log2(比值)，不用输赢二分
科研经费支出,科研经费支出,科技创新,软实力,正向,0.701553,0.6068,0.545772,
世界百强医院数量,世界百强医院数量,医疗健康,硬实力,正向,0.698450,0.4060,0.363553,
规上工业利润,规上工业利润,产业与企业,硬实力,正向,0.692372,0.5184,0.460162,
规上工业营收,规上工业营收,经济总量与产业结构,硬实力,正向,0.680451,0.5616,0.489924,
985大学,985大学,教育与人才,软实力,正向,0.669951,0.4340,0.372768,
金融本外币存款,金融本外币存款,财政与金融,硬实力,正向,0.669487,0.5848,0.501944,
全球科研排名,全球科研排名,科技创新,软实力,正向,0.664010,0.4440,0.377974,
人口数量,人口数量,人口与民生,硬实力,正向,0.650821,0.5700,0.475600,
企业资产总额,企业资产总额,产业与企业,硬实力,正向,0.648799,0.5400,0.449168,
国内百强医院数量,国内百强医院数量,医疗健康,硬实力,正向,0.647982,0.4060,0.337283,
建筑工业总产值,建筑工业总产值,经济总量与产业结构,硬实力,正向,0.644036,0.5304,0.437945,
一般公共预算收入,一般公共预算收入,财政与金融,硬实力,正向,0.633659,0.5984,0.486131,
高新技术企业,高新技术企业,科技创新,软实力,正向,0.628475,0.5180,0.417372,
双一流大学,双一流大学,教育与人才,软实力,正向,0.627789,0.4200,0.338040,
航空吞吐量,航空吞吐量,交通与基础设施,硬实力,正向,0.618460,0.4464,0.353950,
第一产业,第一产业,经济总量与产业结构,硬实力,正向,0.609571,0.6084,0.475465,
上市公司市值,上市公司市值,产业与企业,硬实力,正向,0.607968,0.5400,0.420901,
城区人口,城区人口,人口与民生,硬实力,正向,0.606821,0.5700,0.443446,
医院数量,医院数量,医疗健康,硬实力,正向,0.601161,0.4340,0.334492,
金融本外币货款,金融本外币贷款,财政与金融,硬实力,正向,0.599749,0.5100,0.392144,
发明专利量,发明专利量,科技创新,软实力,正向,0.594842,0.4588,0.349890,
211大学,211大学,教育与人才,软实力,正向,0.588281,0.4200,0.316767,
机场数量,机场数量,交通与基础设施,硬实力,正向,0.579539,0.4176,0.310276,
第二产业增量,第二产业增量,经济总量与产业结构,硬实力,正向,0.576950,0.5148,0.380787,
中国500强营收,中国500强营收,产业与企业,硬实力,正向,0.569707,0.5400,0.394413,
国内税收,国内税收,财政与金融,硬实力,正向,0.567654,0.4760,0.346414,
第七次人口普查,常住人口（第七次人口普查）,人口与民生,硬实力,正向,0.565796,0.5700,0.413467,
专利授权量,专利授权量,科技创新,软实力,正向,0.563010,0.4292,0.309800,
医疗机构床位,医疗机构床位,医疗健康,硬实力,正向,0.557724,0.4340,0.310323,
全球百强大学,全球百强大学,教育与人才,软实力,正向,0.551259,0.4060,0.286937,按百强高校数量计，若进一步比较强弱应改用各校软科总分
进出口总额,进出口总额,对外开放与全球联系,软实力,正向,0.548523,0.5412,0.380591,
第三产业增量,第三产业增量,经济总量与产业结构,硬实力,正向,0.546074,0.5148,0.360409,
国际机场数量,国际机场数量,交通与基础设施,硬实力,正向,0.543067,0.4176,0.290750,
三大主税,三大主税,财政与金融,硬实力,正向,0.537276,0.4216,0.290405,
世界500强营收,世界500强营收,产业与企业,硬实力,正向,0.533854,0.5400,0.369591,
PCT国际专利申请,PCT国际专利申请,科技创新,软实力,正向,0.532880,0.4292,0.293221,
就业人口,就业人口,人口与民生,硬实力,正向,0.527545,0.5700,0.385514,
每千人医疗机构床位,每千人医疗机构床位,医疗健康,硬实力,正向,0.517424,0.4060,0.269326,
第二产业占比,第二产业占比,经济总量与产业结构,硬实力,正向,0.516851,0.5460,0.361796,
国内百强大学,国内百强大学,教育与人才,软实力,正向,0.516566,0.3920,0.259608,按百强高校数量计，若进一步比较强弱应改用各校软科总分
出口额,出口额,对外开放与全球联系,软实力,正向,0.514003,0.4488,0.295750,
机场等级,机场等级,交通与基础设施,硬实力,正向,0.508890,0.5400,0.352309,
增值税,增值税,财政与金融,硬实力,正向,0.508523,0.3944,0.257129,
国家重点实验室,国家重点实验室,科技创新,软实力,正向,0.504363,0.4440,0.287099,
企业最高营收额,企业最高营收额,产业与企业,硬实力,正向,0.500257,0.5400,0.346332,
人均可支配收入,人均可支配收入,人口与民生,硬实力,正向,0.491880,0.5700,0.359451,
第三产业占比,第三产业占比,经济总量与产业结构,硬实力,正向,0.489192,0.5460,0.342435,
高校数量,高校数量,教育与人才,软实力,正向,0.484058,0.4200,0.260646,
进口额,进口额,对外开放与全球联系,软实力,正向,0.481656,0.4488,0.277137,
企业所得税,企业所得税,财政与金融,硬实力,正向,0.481310,0.3944,0.243371,
执业医师助理数量,执业医师助理数量,医疗健康,硬实力,正向,0.480037,0.4200,0.258482,
国家工程研究中心,国家工程研究中心,科技创新,软实力,正向,0.477372,0.5550,0.339668,
国际航线数量,国际航线数量,交通与基础设施,硬实力,正向,0.476865,0.5400,0.330137,
企业利润,企业利润,产业与企业,硬实力,正向,0.468775,0.5400,0.324536,
人均二产,人均二产,经济总量与产业结构,硬实力,正向,0.463013,0.5616,0.333369,
城镇人均可支配收入,城镇人均可支配收入,人口与民生,硬实力,正向,0.458626,0.5700,0.335150,
空气质量优良率,空气质量优良率,生态宜居与城市治理,硬实力,正向,0.457272,0.5280,0.309538,
个人所得税,个人所得税,财政与金融,硬实力,正向,0.455553,0.3944,0.230346,
本科高校数量,本科高校数量,教育与人才,软实力,正向,0.453595,0.4060,0.236103,
两院院士,两院院士,科技创新,软实力,正向,0.451826,0.4440,0.257194,
实际利用外资,实际利用外资,对外开放与全球联系,软实力,正向,0.451344,0.4356,0.252058,
地铁总里程,地铁总里程,交通与基础设施,硬实力,正向,0.446854,0.5040,0.288736,
注册护士数量,注册护士数量,医疗健康,硬实力,正向,0.445351,0.4200,0.239804,
上市公司数量,上市公司数量,产业与企业,硬实力,正向,0.439274,0.5400,0.304113,
人均三产,人均三产,经济总量与产业结构,硬实力,正向,0.438235,0.5616,0.315529,
人均个税,人均个税,财政与金融,硬实力,正向,0.431174,0.5100,0.281922,
科学院院士,科学院院士,科技创新,软实力,正向,0.427646,0.4292,0.235315,
农村人均可支配收入,农村人均可支配收入,人口与民生,硬实力,正向,0.427620,0.5700,0.312491,
A+学科数量,A+学科数量,教育与人才,软实力,正向,0.425049,0.4060,0.221244,
新设外资企业,新设外资企业,对外开放与全球联系,软实力,正向,0.422940,0.3960,0.214723,
饮用水达标率,饮用水达标率,生态宜居与城市治理,硬实力,正向,0.422115,0.4800,0.259763,
地铁客流量,地铁客流量,交通与基础设施,硬实力,正向,0.418733,0.4464,0.239644,
就业人口人均GDP,就业人口人均GDP,经济总量与产业结构,硬实力,正向,0.414783,0.5850,0.311087,
各类卫生机构人员,各类卫生机构人员,医疗健康,硬实力,正向,0.413172,0.4060,0.215062,
A股上市公司,A股上市公司,产业与企业,硬实力,正向,0.411629,0.5400,0.284974,
金融业增加值,金融业增加值,财政与金融,硬实力,正向,0.408100,0.4760,0.249046,
工程院院士,工程院院士,科技创新,软实力,正向,0.404761,0.4292,0.222722,
城镇非私营业薪资,城镇非私营单位平均工资,人口与民生,硬实力,正向,0.398710,0.5700,0.291365,
A类学科数量,A类学科数量,教育与人才,软实力,正向,0.398299,0.4060,0.207319,
跨国公司总部数量,跨国公司总部数量,对外开放与全球联系,软实力,正向,0.396323,0.4950,0.251513,
户籍人均GDP,户籍人均GDP,经济总量与产业结构,硬实力,正向,0.392586,0.5850,0.294440,
地铁线路数量,地铁线路数量,交通与基础设施,硬实力,正向,0.392381,0.4176,0.210074,
城市污水处理率,城市污水处理率,生态宜居与城市治理,硬实力,正向,0.389661,0.4640,0.231799,
金融本外币存货款,金融本外币存贷款余额,财政与金融,硬实力,正向,0.386260,0.5100,0.252555,
世界500强企业,世界500强企业,产业与企业,硬实力,正向,0.385724,0.5400,0.267040,
二级医院数量,二级医院数量,医疗健康,硬实力,正向,0.383317,0.4060,0.199522,
技术合同交易额,技术合同交易额,科技创新,软实力,正向,0.383100,0.4588,0.225341,
教育支出,教育支出,教育与人才,软实力,正向,0.373233,0.4340,0.207671,
城镇私营业薪资,城镇私营单位平均工资,人口与民生,硬实力,正向,0.371755,0.5700,0.271667,
地均GDP,地均GDP,经济总量与产业结构,硬实力,正向,0.371577,0.5850,0.278683,
GaWC全球城市排名,GaWC全球城市等级,对外开放与全球联系,软实力,正向,0.371381,0.4950,0.235685,
火车站数量,火车站数量,交通与基础设施,硬实力,正向,0.367687,0.5400,0.254553,
人均金融机构存款,人均金融机构存款,财政与金融,硬实力,正向,0.365590,0.4216,0.197606,
技术合同成交项,技术合同成交项,科技创新,软实力,正向,0.362599,0.4292,0.199522,
中国500强企业,中国500强企业,产业与企业,硬实力,正向,0.361450,0.5400,0.250235,
人均公园绿地面积,人均公园绿地面积,生态宜居与城市治理,硬实力,正向,0.359703,0.4640,0.213977,
卫生机构数量,卫生机构数量,医疗健康,硬实力,正向,0.355620,0.5250,0.239359,
农业牧渔业产值,农林牧渔业产值,经济总量与产业结构,硬实力,正向,0.351692,0.5850,0.263769,
在校研究生数量,在校研究生数量,教育与人才,软实力,正向,0.349745,0.4340,0.194601,
国际影响力,国际影响力指数,对外开放与全球联系,软实力,正向,0.348009,0.4950,0.220851,
档工资最低标准,一档最低工资标准,人口与民生,硬实力,正向,0.346622,0.5700,0.253301,
非金融企业存款余,非金融企业存款余额,财政与金融,硬实力,正向,0.346025,0.5100,0.226247,
动风直达城市数量,动车直达城市数量,交通与基础设施,硬实力,正向,0.344548,0.5400,0.238533,
有效商标注册量,有效商标注册量,科技创新,软实力,正向,0.343194,0.4292,0.188845,
中国500强民营业,中国民营企业500强,产业与企业,硬实力,正向,0.338703,0.5400,0.234487,
公园绿地面积,公园绿地面积,生态宜居与城市治理,硬实力,正向,0.332047,0.4640,0.197526,
全国前十科室,全国前十临床专科,医疗健康,硬实力,正向,0.329924,0.5250,0.222064,
在校大学生数量,在校大学生数量,教育与人才,软实力,正向,0.327735,0.4340,0.182355,
般公共预算支出,一般公共预算支出,财政与金融,硬实力,正向,0.327508,0.5100,0.214140,
领事馆数量,领事馆数量,对外开放与全球联系,软实力,正向,0.326108,0.4950,0.206953,
国家级高新区数量,国家级高新区数量,科技创新,软实力,正向,0.324828,0.4292,0.178738,
二档工资最低标准,二档工资最低标准,人口与民生,硬实力,正向,0.323188,0.5700,0.236176,
公路总里程,公路总里程,交通与基础设施,硬实力,正向,0.322864,0.4176,0.172856,
制造业500强,制造业500强,产业与企业,硬实力,正向,0.317387,0.5400,0.219729,
政府基金收入,政府基金收入,财政与金融,硬实力,正向,0.309981,0.5100,0.202679,
省级重点实验室,省级重点实验室,科技创新,软实力,正向,0.307445,0.4292,0.169173,
专科高校数量,专科高校数量,教育与人才,软实力,正向,0.307109,0.4060,0.159854,
公园数量,公园数量,生态宜居与城市治理,硬实力,正向,0.306518,0.4480,0.176051,
全国前三科室,全国前三临床专科,医疗健康,硬实力,正向,0.306085,0.5250,0.206019,
国际会议中心,国际会议中心,对外开放与全球联系,软实力,正向,0.305586,0.4950,0.193929,
港口货物吞吐量,港口货物吞吐量,交通与基础设施,硬实力,正向,0.302546,0.4320,0.167564,
三档工资最低标准,三档工资最低标准,人口与民生,硬实力,正向,0.301339,0.5700,0.220209,
制造业200强,制造业200强,产业与企业,硬实力,正向,0.297413,0.5400,0.205901,
非税收入,非税收入,财政与金融,硬实力,正向,0.293392,0.4080,0.153467,
省级新型研发机构,省级新型研发机构,科技创新,软实力,正向,0.290992,0.5550,0.207053,
成人高校数量,成人高校数量,教育与人才,软实力,正向,0.287782,0.5250,0.193700,
贸易顺差,贸易顺差,对外开放与全球联系,软实力,反向,0.286354,0.3828,0.140533,
人均寿命,人均寿命,医疗健康,硬实力,正向,0.283969,0.5250,0.191133,
公路货物运输量,公路货物运输量,交通与基础设施,硬实力,正向,0.283506,0.4320,0.157019,
宜居指数,宜居指数,生态宜居与城市治理,硬实力,正向,0.282952,0.6000,0.217655,
人均性消费支出,人均消费支出,人口与民生,硬实力,正向,0.280966,0.5700,0.205322,
制造单冠企业,制造业单项冠军企业,产业与企业,硬实力,正向,0.278696,0.5400,0.192944,
净上缴中央税,净上缴中央税,财政与金融,硬实力,正向,0.277692,0.4216,0.150096,
科技型中小企业,科技型中小企业,科技创新,软实力,正向,0.275420,0.5550,0.195972,
强基计划,强基计划,教育与人才,软实力,正向,0.269671,0.5250,0.181509,
世界文化遗产,世界文化遗产,文化软实力与旅游,软实力,正向,0.265981,0.5400,0.184141,
水路货物运输量,水路货物运输量,交通与基础设施,硬实力,正向,0.265664,0.5400,0.183922,
住户存款总额,住户存款总额,财政与金融,硬实力,正向,0.262831,0.4488,0.151229,
户籍人口,户籍人口,人口与民生,硬实力,正向,0.261971,0.5700,0.191440,
建成区面积,建成区面积,生态宜居与城市治理,硬实力,正向,0.261198,0.6000,0.200922,
国家级巨人产业,国家级专精特新小巨人企业,产业与企业,硬实力,正向,0.261157,0.5400,0.180801,
互联网百强,中国互联网百强企业,科技创新,软实力,正向,0.260681,0.5550,0.185485,
双高计划,双高计划,教育与人才,软实力,正向,0.252700,0.5250,0.170086,
快递业务量,快递业务量,交通与基础设施,硬实力,正向,0.248945,0.4176,0.133281,
人均住户存款,人均住户存款,财政与金融,硬实力,正向,0.248766,0.4216,0.134462,
国家重点文物保护,国家重点文物保护,文化软实力与旅游,软实力,正向,0.246762,0.5400,0.170835,
5G基站数量,5G基站数量,科技创新,软实力,正向,0.246730,0.5550,0.175558,
独角兽企业,独角兽企业,产业与企业,硬实力,正向,0.244722,0.5400,0.169423,
人口密度,人口密度,人口与民生,硬实力,正向,0.244260,0.5700,0.178497,
人均水资源,人均水资源,生态宜居与城市治理,硬实力,正向,0.241116,0.6000,0.185474,
每十万人大学学历,每十万人大学学历,教育与人才,软实力,正向,0.236797,0.5250,0.159382,
金融业占比,金融业占比,财政与金融,硬实力,正向,0.235453,0.4216,0.127265,
每万人拥有5G基战数,每万人拥有5G基站数,科技创新,软实力,正向,0.233527,0.5550,0.166163,
快递业收入,快递业收入,交通与基础设施,硬实力,正向,0.233278,0.4176,0.124894,
民营业主体户,民营市场主体户,产业与企业,硬实力,正向,0.229321,0.5400,0.158760,
国级非文化物质遗产,国家级非物质文化遗产,文化软实力与旅游,软实力,正向,0.228932,0.5400,0.158491,
城镇化率,城镇化率,人口与民生,硬实力,正向,0.227747,0.5700,0.166431,
金融全球排名,全球金融中心排名,财政与金融,硬实力,正向,0.222853,0.5100,0.145712,
水资源总量,水资源总量,生态宜居与城市治理,硬实力,正向,0.222578,0.6000,0.171214,
国际留学生数量,国际留学生数量,教育与人才,软实力,正向,0.221895,0.5250,0.149353,
5G用户普及率,5G用户普及率,科技创新,软实力,正向,0.221030,0.5550,0.157272,
邮政业务收入,邮政业务收入,交通与基础设施,硬实力,正向,0.218598,0.4176,0.117035,
新设企业户,新设企业户,产业与企业,硬实力,正向,0.214889,0.5400,0.148769,
旅游业收入,旅游业收入,文化软实力与旅游,软实力,正向,0.212390,0.4464,0.121553,
平均房价,平均房价,人口与民生,硬实力,反向,0.212350,0.5700,0.155178,
保费收入,保费收入,财政与金融,硬实力,正向,0.210927,0.4488,0.121364,
人才粘性力,人才粘性力,科技创新,软实力,正向,0.209201,0.5550,0.148855,
文育率,文盲率,教育与人才,软实力,正向,0.207931,0.5250,0.139954,
污水处理厂数量,污水处理厂数量,生态宜居与城市治理,硬实力,正向,0.205465,0.6000,0.158050,
电信业务收入,电信业务收入,交通与基础设施,硬实力,正向,0.204841,0.5400,0.141813,
千人主体户,千人主体户,产业与企业,硬实力,正向,0.201366,0.5400,0.139408,
人均保费收入,人均保费收入,财政与金融,硬实力,正向,0.199639,0.3944,0.100946,
认证机构,认证机构,科技创新,软实力,正向,0.198006,0.5550,0.140888,
商品房平均房价,商品房成交均价,人口与民生,硬实力,正向,0.197994,0.5700,0.144688,
博物馆数量,博物馆数量,文化软实力与旅游,软实力,正向,0.197044,0.4176,0.105495,
军校数量,军校数量,教育与人才,软实力,正向,0.194845,0.5250,0.131146,
全社会用电量,全社会用电量,交通与基础设施,硬实力,正向,0.191950,0.4176,0.102767,
空气自动检测站,空气自动监测站,生态宜居与城市治理,硬实力,正向,0.189669,0.6000,0.145899,
科创版份额,科创版份额,财政与金融,硬实力,正向,0.188955,0.5100,0.123547,
千亿产业集群,千亿产业集群,产业与企业,硬实力,正向,0.188693,0.5400,0.130633,
国家中心城市,国家中心城市,行政与战略,软实力,正向,0.187809,0.6000,0.144468,
认证证书,认证证书,科技创新,软实力,正向,0.187410,0.5550,0.133350,
城镇人均住房面积,城镇人均住房面积,人口与民生,硬实力,正向,0.184608,0.5700,0.134906,
公共博物馆数量,公共博物馆数量,文化软实力与旅游,软实力,正向,0.182806,0.4176,0.097872,
工业用电量,工业用电量,交通与基础设施,硬实力,正向,0.179870,0.4176,0.096300,
卖地收入,卖地收入,财政与金融,硬实力,正向,0.178844,0.5100,0.116936,
千亿产业总值,千亿产业总值,产业与企业,硬实力,正向,0.176818,0.5400,0.122413,
全国百强县,全国百强县,生态宜居与城市治理,硬实力,正向,0.175086,0.6000,0.134682,
人均住房面积,人均住房面积,人口与民生,硬实力,正向,0.172127,0.5700,0.125785,
地位,行政地位,行政与战略,软实力,正向,0.169936,0.6000,0.130721,
接待游客量,接待游客量,文化软实力与旅游,软实力,正向,0.169597,0.4176,0.090800,
房产税,房产税,财政与金融,硬实力,正向,0.169273,0.5100,0.110678,
人均用电量,人均用电量,交通与基础设施,硬实力,正向,0.168550,0.4176,0.090238,
工业大类,工业大类,产业与企业,硬实力,正向,0.165691,0.5400,0.114709,
全国百强区,全国百强区,生态宜居与城市治理,硬实力,正向,0.161625,0.6000,0.124327,
民用汽车保有量,民用汽车保有量,人口与民生,硬实力,正向,0.160490,0.4408,0.090697,
资源税,资源税,财政与金融,硬实力,正向,0.160214,0.5100,0.104755,
200米+高楼数量,200米+高楼数量,交通与基础设施,硬实力,正向,0.157943,0.5400,0.109345,
国家综合档案馆,国家综合档案馆,文化软实力与旅游,软实力,正向,0.157343,0.5400,0.108929,
最强区,最强行政区,产业与企业,硬实力,正向,0.155263,0.5400,0.107490,
军区司令部,军区司令部,行政与战略,软实力,正向,0.153765,0.6000,0.118281,
环境保护税,环境保护税,财政与金融,硬实力,正向,0.151640,0.5100,0.099149,
私人汽车保有量,私人汽车保有量,人口与民生,硬实力,正向,0.149640,0.4408,0.084565,
300米+高楼数量,300米+高楼数量,交通与基础设施,硬实力,正向,0.148003,0.5400,0.102464,
级博物馆数量,一级博物馆数量,文化软实力与旅游,软实力,正向,0.145974,0.5400,0.101059,
最强区GDP,最强行政区GDP,产业与企业,硬实力,正向,0.145492,0.5400,0.100726,
财政白给率,财政自给率,财政与金融,硬实力,正向,0.143525,0.5100,0.093844,
千人汽车保有量,千人汽车保有量,人口与民生,硬实力,正向,0.139524,0.4408,0.078849,
大区机构数量,大区机构数量,行政与战略,软实力,正向,0.139132,0.6000,0.107024,
400米+高楼数量,400米+高楼数量,交通与基础设施,硬实力,正向,0.138689,0.5400,0.096015,
汽车产量,汽车产量,产业与企业,硬实力,正向,0.136336,0.5400,0.094386,
般公共预算利润,一般公共预算结余,财政与金融,硬实力,反向,0.135845,0.5100,0.088822,
市级重点文物保护,市级重点文物保护,文化软实力与旅游,软实力,正向,0.135426,0.5400,0.093756,
百万美元富翁数量,百万美元富翁数量,人口与民生,硬实力,正向,0.130091,0.5700,0.095067,
最高高楼,最高高楼,交通与基础设施,硬实力,正向,0.129961,0.5400,0.089973,
国防支出,国防支出,财政与金融,硬实力,正向,0.128575,0.5100,0.084068,
房地产开发投资额,房地产开发投资额,产业与企业,硬实力,正向,0.127756,0.5400,0.088446,
城市群,所在城市群能级,行政与战略,软实力,正向,0.125892,0.6000,0.096840,
省级非文化物质遗产,省级非物质文化遗产,文化软实力与旅游,软实力,正向,0.125641,0.5400,0.086982,
城建得分,城建得分,交通与基础设施,硬实力,正向,0.121782,0.5400,0.084310,
公共安全支出,公共安全支出,财政与金融,硬实力,正向,0.121694,0.5100,0.079569,
一亿美元富翁数量,一亿美元富翁数量,人口与民生,硬实力,正向,0.121296,0.5700,0.088640,
商品房销售额,商品房销售额,产业与企业,硬实力,正向,0.119716,0.5400,0.082881,
市级非文化物质遗产,市级非物质文化遗产,文化软实力与旅游,软实力,正向,0.116562,0.5400,0.080696,
交通安全支出,交通安全支出,财政与金融,硬实力,正向,0.115182,0.5100,0.075312,
区号,区号,行政与战略,软实力,正向,0.113912,0.6000,0.087624,
十亿美元富翁数量,十亿美元富翁数量,人口与民生,硬实力,正向,0.113096,0.5700,0.082647,
商品房销售额面积,商品房销售面积,产业与企业,硬实力,正向,0.112182,0.5400,0.077664,
人均国防支出,人均国防支出,财政与金融,硬实力,反向,0.109018,0.5100,0.071281,
历史文化名城,历史文化名城,文化软实力与旅游,软实力,正向,0.108140,0.5400,0.074867,
600万家庭资产,600万家庭资产,人口与民生,硬实力,正向,0.105450,0.5700,0.077059,
粮食产量,粮食产量,产业与企业,硬实力,正向,0.105122,0.5400,0.072777,
城建投资,城建投资,财政与金融,硬实力,正向,0.103184,0.5100,0.067467,
5A级景区,5A级景区,文化软实力与旅游,软实力,正向,0.100326,0.5400,0.069456,
蔬菜产量,蔬菜产量,产业与企业,硬实力,正向,0.098507,0.5400,0.068197,
1000万家庭资产,1000万家庭资产,人口与民生,硬实力,正向,0.098321,0.5700,0.071850,
4A级景区,4A级景区,文化软实力与旅游,软实力,正向,0.093077,0.5400,0.064438,
水果产量,水果产量,产业与企业,硬实力,正向,0.092307,0.5400,0.063905,
一亿家庭资产,一亿家庭资产,人口与民生,硬实力,正向,0.091674,0.5700,0.066992,
大米产量,大米产量,产业与企业,硬实力,正向,0.086498,0.5400,0.059883,
电影票房收入,电影票房收入,文化软实力与旅游,软实力,正向,0.086351,0.4176,0.046231,
600万家庭资产占比,600万家庭资产占比,人口与民生,硬实力,正向,0.085476,0.5700,0.062463,
水产品产量,水产品产量,产业与企业,硬实力,正向,0.081055,0.5400,0.056115,
人均电影票房收入,人均电影票房收入,文化软实力与旅游,软实力,正向,0.080112,0.5400,0.055462,
1000万家庭资产占比,1000万家庭资产占比,人口与民生,硬实力,正向,0.079697,0.5700,0.058240,
电影院数量,电影院数量,文化软实力与旅游,软实力,正向,0.074323,0.5400,0.051454,
1亿家庭资产占比,1亿家庭资产占比,人口与民生,硬实力,正向,0.074309,0.5700,0.054303,
高产家庭占比,高产家庭占比,人口与民生,硬实力,正向,0.069285,0.5700,0.050631,
体育馆场地,体育场馆面积,文化软实力与旅游,软实力,正向,0.068953,0.5400,0.047737,
人口老龄化,人口老龄化,人口与民生,硬实力,反向,0.064601,0.5700,0.047209,
体育彩票总额,体育彩票总额,文化软实力与旅游,软实力,正向,0.063971,0.5400,0.044287,
五星级酒店数量,五星级酒店数量,人口与民生,硬实力,正向,0.060234,0.5700,0.044017,
健身步道数量,健身步道数量,文化软实力与旅游,软实力,正向,0.059348,0.5400,0.041087,
四星级以上酒店数量,四星级以上酒店数量,人口与民生,硬实力,正向,0.056162,0.5700,0.041041,
体育步道里程,体育步道里程,文化软实力与旅游,软实力,正向,0.055060,0.5400,0.038118,
万达广场数量,万达广场数量,人口与民生,硬实力,正向,0.052365,0.5700,0.038267,
区域级图书馆数量,区域级图书馆数量,文化软实力与旅游,软实力,正向,0.051082,0.4032,0.026405,
建成史,建成史,文化软实力与旅游,软实力,正向,0.047391,0.5400,0.032809,
建都史,建都史,文化软实力与旅游,软实力,正向,0.043966,0.5400,0.030438,
